{
  "mae": 22.74320411682129,
  "rmse": 25.319795608520508,
  "r2": 0.36390429735183716,
  "model": "slide_mlp"
}