{
  "mae": 22.97854232788086,
  "rmse": 26.645238876342773,
  "r2": 0.29556435346603394,
  "model": "slide_mlp"
}